Customer_ID,Customer_Name,Region,Country,City,Total_Purchases,Bookings_Count,Avg_Ticket_Size
1,Pharma Distributor 1,Europe,Netherlands,Zurich,15493509.55,468,33105.79
2,Pharma Distributor 2,Europe,France,London,27889992.36,158,176518.94
3,Pharma Distributor 3,Europe,Netherlands,Oslo,38262700.6,183,209085.8
4,Pharma Distributor 4,Europe,Italy,Munich,46098976.9,303,152141.84
5,Pharma Distributor 5,Europe,Sweden,Geneva,20898366.33,330,63328.38
6,Pharma Distributor 6,Europe,Italy,Seville,5738823.31,247,23234.1
7,Pharma Distributor 7,Europe,Switzerland,Vienna,11069019.4,331,33441.15
8,Pharma Distributor 8,Europe,UK,Madrid,14718757.7,13,1132212.13
9,Pharma Distributor 9,Europe,Italy,Naples,39411833.4,432,91231.1
10,Pharma Distributor 10,Europe,Germany,Vienna,34488844.22,196,175963.49
11,Pharma Distributor 11,Europe,UK,Budapest,10845763.51,94,115380.46
12,Pharma Distributor 12,Europe,Austria,Stockholm,42017902.5,6,7002983.75
13,Pharma Distributor 13,Europe,Austria,Porto,43028214.3,424,101481.64
14,Pharma Distributor 14,Europe,Italy,Naples,44180719.36,7,6311531.34
15,Pharma Distributor 15,Europe,Spain,Manchester,14112707.34,442,31929.2
16,Pharma Distributor 16,Europe,Austria,Dublin,7119647.12,409,17407.45
17,Pharma Distributor 17,Europe,Spain,Hamburg,5645891.65,496,11382.85
18,Pharma Distributor 18,Europe,Italy,Antwerp,20304343.8,199,102031.88
19,Pharma Distributor 19,Europe,Netherlands,Naples,21751578.11,269,80860.89
20,Pharma Distributor 20,Europe,Netherlands,Oslo,43476394.9,272,159839.69
21,Pharma Distributor 21,Europe,Germany,Warsaw,13753924.22,460,29899.84
22,Pharma Distributor 22,Europe,Spain,Vienna,31531161.01,247,127656.52
23,Pharma Distributor 23,Europe,Germany,Vienna,39516529.14,169,233825.62
24,Pharma Distributor 24,Europe,Sweden,Barcelona,13823068.27,217,63700.78
25,Pharma Distributor 25,Europe,Sweden,Frankfurt,13723410.04,425,32290.38
26,Pharma Distributor 26,Europe,Netherlands,Porto,33623185.49,364,92371.39
27,Pharma Distributor 27,Europe,France,Gothenburg,36443745.88,199,183134.4
28,Pharma Distributor 28,Europe,Spain,Naples,48008250.74,60,800137.51
29,Pharma Distributor 29,Europe,Italy,Helsinki,42572063.2,109,390569.39
30,Pharma Distributor 30,Europe,Switzerland,Stockholm,41191544.49,217,189822.79
31,Pharma Distributor 31,Europe,France,Munich,34769554.07,323,107645.68
32,Pharma Distributor 32,Europe,Austria,Frankfurt,6365088.36,158,40285.37
33,Pharma Distributor 33,Europe,France,Manchester,40557440.66,220,184352.0
34,Pharma Distributor 34,Europe,Germany,Warsaw,46798425.43,50,935968.51
35,Pharma Distributor 35,Europe,Belgium,Rotterdam,19840531.92,185,107246.12
36,Pharma Distributor 36,Europe,Italy,Dublin,16026266.94,64,250410.42
37,Pharma Distributor 37,Europe,Switzerland,Dublin,26362841.29,248,106301.78
38,Pharma Distributor 38,Europe,Sweden,Seville,47844552.22,230,208019.79
39,Pharma Distributor 39,Europe,Germany,Birmingham,3016197.57,36,83783.27
40,Pharma Distributor 40,Europe,Netherlands,Warsaw,35589591.72,351,101394.85
41,Pharma Distributor 41,Europe,Switzerland,Prague,40826082.49,450,90724.63
42,Pharma Distributor 42,Europe,Netherlands,London,39543083.75,179,220911.08
43,Pharma Distributor 43,Europe,Belgium,Munich,28555333.05,321,88957.42
44,Pharma Distributor 44,Europe,Austria,Seville,46067868.36,98,470080.29
45,Pharma Distributor 45,Europe,Italy,Copenhagen,7158926.05,392,18262.57
46,Pharma Distributor 46,Europe,Netherlands,Prague,12634954.54,134,94290.71
47,Pharma Distributor 47,Europe,Austria,Amsterdam,15694337.0,155,101253.79
48,Pharma Distributor 48,Europe,Spain,Hamburg,929531.78,315,2950.89
49,Pharma Distributor 49,Europe,Austria,Oslo,18848128.23,301,62618.37
50,Pharma Distributor 50,Europe,Italy,Frankfurt,8452661.97,256,33018.21
51,Pharma Distributor 51,Europe,Switzerland,Helsinki,36368994.53,456,79756.57
52,Pharma Distributor 52,Europe,Sweden,Paris,21040163.95,425,49506.27
53,Pharma Distributor 53,Europe,Sweden,Munich,35370742.63,143,247347.85
54,Pharma Distributor 54,Europe,UK,Frankfurt,15035836.85,424,35461.88
55,Pharma Distributor 55,Europe,Germany,Lisbon,7029928.5,488,14405.59
56,Pharma Distributor 56,Europe,Netherlands,Lisbon,7033456.67,275,25576.21
57,Pharma Distributor 57,Europe,Netherlands,Manchester,10561555.75,361,29256.39
58,Pharma Distributor 58,Europe,Italy,London,6203176.78,327,18969.96
59,Pharma Distributor 59,Europe,UK,Rotterdam,11417080.16,116,98423.1
60,Pharma Distributor 60,Europe,Belgium,Copenhagen,29162200.06,162,180013.58
61,Pharma Distributor 61,Europe,Sweden,Marseille,13188632.74,61,216207.09
62,Pharma Distributor 62,Europe,Switzerland,Antwerp,17475854.79,194,90081.73
63,Pharma Distributor 63,Europe,Belgium,Lyon,3110332.19,475,6548.07
64,Pharma Distributor 64,Europe,Netherlands,Gothenburg,44664350.08,37,1207144.6
65,Pharma Distributor 65,Europe,UK,Naples,7338969.11,325,22581.44
66,Pharma Distributor 66,Europe,Austria,Geneva,17758958.86,5,3551791.77
67,Pharma Distributor 67,Europe,UK,Warsaw,19284222.89,135,142846.1
68,Pharma Distributor 68,Europe,UK,Brussels,38720250.32,13,2978480.79
69,Pharma Distributor 69,Europe,Spain,Frankfurt,24435371.24,36,678760.31
70,Pharma Distributor 70,Europe,France,Zurich,19456336.3,81,240201.68
71,Pharma Distributor 71,Europe,Sweden,Seville,34945797.58,305,114576.39
72,Pharma Distributor 72,Europe,Sweden,Seville,30052230.16,99,303557.88
73,Pharma Distributor 73,Europe,Switzerland,Barcelona,4367661.9,189,23109.32
74,Pharma Distributor 74,Europe,Switzerland,Antwerp,15978662.43,281,56863.57
75,Pharma Distributor 75,Europe,Switzerland,Budapest,48941102.37,27,1812633.42
76,Pharma Distributor 76,Europe,Belgium,Stockholm,24425092.55,465,52527.08
77,Pharma Distributor 77,Europe,Netherlands,Rome,21497556.96,414,51926.47
78,Pharma Distributor 78,Europe,Spain,Seville,7921030.16,477,16605.93
79,Pharma Distributor 79,Europe,France,Geneva,42033973.61,121,347388.21
80,Pharma Distributor 80,Europe,UK,Porto,7098739.94,460,15432.04
81,Pharma Distributor 81,Europe,Netherlands,Marseille,5701645.34,364,15663.86
82,Pharma Distributor 82,Europe,Sweden,Oslo,22230517.35,34,653838.75
83,Pharma Distributor 83,Europe,Netherlands,Helsinki,22114020.53,375,58970.72
84,Pharma Distributor 84,Europe,Spain,Madrid,49082714.84,329,149187.58
85,Pharma Distributor 85,Europe,Spain,Oslo,6812907.59,412,16536.18
86,Pharma Distributor 86,Europe,Sweden,Manchester,24449441.38,78,313454.38
87,Pharma Distributor 87,Europe,Germany,Seville,10461642.95,471,22211.56
88,Pharma Distributor 88,Europe,Italy,Budapest,35237312.64,324,108757.14
89,Pharma Distributor 89,Europe,Austria,Budapest,19888500.41,423,47017.73
90,Pharma Distributor 90,Europe,France,Gothenburg,32599160.53,410,79510.15
91,Pharma Distributor 91,Europe,France,Brussels,17251353.59,299,57696.83
92,Pharma Distributor 92,Europe,Sweden,Gothenburg,28445026.34,315,90301.67
93,Pharma Distributor 93,Europe,UK,Stockholm,23722280.27,234,101377.27
94,Pharma Distributor 94,Europe,Italy,Rotterdam,19031066.38,267,71277.4
95,Pharma Distributor 95,Europe,Belgium,Frankfurt,27107477.24,450,60238.84
96,Pharma Distributor 96,Europe,Belgium,Milan,19498034.51,43,453442.66
97,Pharma Distributor 97,Europe,Italy,Oslo,40397929.5,408,99014.53
98,Pharma Distributor 98,Europe,France,Gothenburg,25014261.21,108,231613.53
99,Pharma Distributor 99,Europe,Italy,Milan,45204799.69,444,101812.61
100,Pharma Distributor 100,Europe,Belgium,Paris,11528809.92,356,32384.3
101,Pharma Distributor 101,Europe,Switzerland,Prague,6050132.05,198,30556.22
102,Pharma Distributor 102,Europe,Italy,Marseille,19357884.3,147,131686.29
103,Pharma Distributor 103,Europe,Spain,Geneva,9591148.29,206,46558.97
104,Pharma Distributor 104,Europe,UK,Rome,19959409.96,409,48800.51
105,Pharma Distributor 105,Europe,Spain,Madrid,10766841.75,211,51027.69
106,Pharma Distributor 106,Europe,France,Barcelona,43476707.29,38,1144123.88
107,Pharma Distributor 107,Europe,Belgium,Milan,28611274.22,295,96987.37
108,Pharma Distributor 108,Europe,France,Dublin,25130668.62,375,67015.12
109,Pharma Distributor 109,Europe,UK,Amsterdam,39493382.16,265,149031.63
110,Pharma Distributor 110,Europe,Belgium,Salzburg,6953167.15,316,22003.69
111,Pharma Distributor 111,Europe,Switzerland,Warsaw,42922228.67,87,493358.95
112,Pharma Distributor 112,Europe,Germany,Salzburg,24423550.88,267,91473.97
113,Pharma Distributor 113,Europe,Italy,Geneva,7253444.86,313,23173.95
114,Pharma Distributor 114,Europe,Austria,Hamburg,41060867.57,242,169673.01
115,Pharma Distributor 115,Europe,Belgium,Helsinki,23308372.92,176,132433.94
116,Pharma Distributor 116,Europe,Italy,London,30427726.85,190,160145.93
117,Pharma Distributor 117,Europe,Spain,Rotterdam,44733639.85,366,122223.06
118,Pharma Distributor 118,Europe,Italy,Prague,44589235.79,46,969331.21
119,Pharma Distributor 119,Europe,Sweden,Amsterdam,44694535.13,232,192648.86
120,Pharma Distributor 120,Europe,Belgium,Barcelona,21137414.23,278,76033.86
121,Pharma Distributor 121,Europe,Spain,Warsaw,37605491.15,266,141374.03
122,Pharma Distributor 122,Europe,Belgium,Dublin,12046907.56,136,88580.2
123,Pharma Distributor 123,Europe,France,Zurich,41643260.93,457,91123.11
124,Pharma Distributor 124,Europe,France,London,17415254.17,402,43321.53
125,Pharma Distributor 125,Europe,Belgium,Munich,23463666.87,429,54693.86
126,Pharma Distributor 126,Europe,Sweden,Marseille,44623886.59,435,102583.65
127,Pharma Distributor 127,Europe,UK,Manchester,40384127.6,101,399842.85
128,Pharma Distributor 128,Europe,UK,Helsinki,47649304.65,57,835952.71
129,Pharma Distributor 129,Europe,Belgium,Porto,18491913.0,281,65807.52
130,Pharma Distributor 130,Europe,Spain,Milan,7978720.85,401,19897.06
131,Pharma Distributor 131,Europe,Germany,Marseille,45565315.94,198,230127.86
132,Pharma Distributor 132,Europe,Netherlands,Naples,24911142.16,403,61814.25
133,Pharma Distributor 133,Europe,Italy,Oslo,44525339.16,499,89229.14
134,Pharma Distributor 134,Europe,France,Paris,36737642.84,468,78499.24
135,Pharma Distributor 135,Europe,Spain,Zurich,43802743.82,359,122013.21
136,Pharma Distributor 136,Europe,Belgium,Lyon,32908785.32,177,185925.34
137,Pharma Distributor 137,Europe,Switzerland,Birmingham,40712414.68,344,118350.04
138,Pharma Distributor 138,Europe,Sweden,Birmingham,6456631.94,197,32774.78
139,Pharma Distributor 139,Europe,France,Antwerp,48430587.12,434,111591.21
140,Pharma Distributor 140,Europe,Germany,Stockholm,9458471.52,391,24190.46
141,Pharma Distributor 141,Europe,Sweden,Stockholm,1712887.01,149,11495.89
142,Pharma Distributor 142,Europe,Austria,Warsaw,26774965.06,149,179697.75
143,Pharma Distributor 143,Europe,UK,Paris,35739657.01,493,72494.23
144,Pharma Distributor 144,Europe,Switzerland,Rome,35962712.5,472,76192.19
145,Pharma Distributor 145,Europe,UK,Zurich,17292025.84,280,61757.24
146,Pharma Distributor 146,Europe,Austria,Marseille,37814675.9,264,143237.41
147,Pharma Distributor 147,Europe,UK,Vienna,42206722.69,335,125990.22
148,Pharma Distributor 148,Europe,Switzerland,Zurich,30695581.25,19,1615556.91
149,Pharma Distributor 149,Europe,Belgium,Seville,19606604.36,317,61850.49
150,Pharma Distributor 150,Europe,France,Zurich,30871941.92,433,71297.79
151,Pharma Distributor 151,Europe,Switzerland,Naples,43180404.82,287,150454.37
152,Pharma Distributor 152,Europe,Sweden,Antwerp,45073352.16,220,204878.87
153,Pharma Distributor 153,Europe,Switzerland,Lisbon,2060073.04,280,7357.4
154,Pharma Distributor 154,Europe,Italy,Warsaw,6558728.64,112,58560.08
155,Pharma Distributor 155,Europe,Spain,Salzburg,723445.37,260,2782.48
156,Pharma Distributor 156,Europe,Sweden,Amsterdam,24875888.03,83,299709.49
157,Pharma Distributor 157,Europe,UK,Zurich,22101350.91,394,56094.8
158,Pharma Distributor 158,Europe,Sweden,Munich,27517182.26,22,1250781.01
159,Pharma Distributor 159,Europe,Netherlands,Manchester,34340513.23,346,99250.04
160,Pharma Distributor 160,Europe,Spain,Munich,18606295.23,309,60214.55
161,Pharma Distributor 161,Europe,France,Marseille,10824574.8,217,49882.83
162,Pharma Distributor 162,Europe,Netherlands,Dublin,20043608.73,412,48649.54
163,Pharma Distributor 163,Europe,Netherlands,Hamburg,946044.53,213,4441.52
164,Pharma Distributor 164,Europe,Netherlands,Hamburg,41557610.5,15,2770507.37
165,Pharma Distributor 165,Europe,Germany,Warsaw,19494451.84,150,129963.01
166,Pharma Distributor 166,Europe,Netherlands,Vienna,31328022.95,39,803282.64
167,Pharma Distributor 167,Europe,France,Budapest,16573918.31,59,280913.87
168,Pharma Distributor 168,Europe,Austria,Stockholm,30933213.25,355,87135.81
169,Pharma Distributor 169,Europe,UK,Stockholm,27251551.98,32,851611.0
170,Pharma Distributor 170,Europe,Sweden,Warsaw,10823686.83,348,31102.55
171,Pharma Distributor 171,Europe,Austria,Rotterdam,31453539.23,168,187223.45
172,Pharma Distributor 172,Europe,Germany,Lisbon,5926309.76,113,52445.22
173,Pharma Distributor 173,Europe,UK,Oslo,24313749.42,28,868348.19
174,Pharma Distributor 174,Europe,Belgium,Helsinki,36133963.92,165,218993.72
175,Pharma Distributor 175,Europe,Italy,Hamburg,27678604.73,482,57424.49
176,Pharma Distributor 176,Europe,France,Geneva,37440417.84,376,99575.58
177,Pharma Distributor 177,Europe,Austria,Naples,14021548.09,169,82967.74
178,Pharma Distributor 178,Europe,France,Milan,2916517.23,401,7273.11
179,Pharma Distributor 179,Europe,Italy,Prague,3270533.69,276,11849.76
180,Pharma Distributor 180,Europe,Germany,Rotterdam,13801911.52,116,118982.0
181,Pharma Distributor 181,Europe,France,Barcelona,20679521.06,431,47980.33
182,Pharma Distributor 182,Europe,Netherlands,Dublin,27106507.67,77,352032.57
183,Pharma Distributor 183,Europe,Switzerland,Munich,38004234.09,54,703782.11
184,Pharma Distributor 184,Europe,Spain,Amsterdam,42060669.43,115,365744.95
185,Pharma Distributor 185,Europe,France,Barcelona,34837208.21,17,2049247.54
186,Pharma Distributor 186,Europe,UK,Marseille,23428843.26,75,312384.58
187,Pharma Distributor 187,Europe,Italy,Manchester,13592107.29,423,32132.64
188,Pharma Distributor 188,Europe,UK,Munich,21676215.08,496,43702.05
189,Pharma Distributor 189,Europe,Italy,Lisbon,14033109.52,478,29357.97
190,Pharma Distributor 190,Europe,Spain,Salzburg,31410899.39,205,153223.9
191,Pharma Distributor 191,Europe,UK,Vienna,41001239.59,295,138987.25
192,Pharma Distributor 192,Europe,Sweden,Barcelona,26150342.81,28,933940.81
193,Pharma Distributor 193,Europe,France,Amsterdam,2769054.0,485,5709.39
194,Pharma Distributor 194,Europe,Netherlands,Berlin,47017557.08,473,99402.87
195,Pharma Distributor 195,Europe,Netherlands,Helsinki,15067058.58,441,34165.67
196,Pharma Distributor 196,Europe,Netherlands,Paris,45768261.76,218,209946.15
197,Pharma Distributor 197,Europe,Sweden,Porto,40746880.98,299,136277.19
198,Pharma Distributor 198,Europe,Italy,Porto,20949693.11,151,138739.69
199,Pharma Distributor 199,Europe,UK,Milan,3306836.48,432,7654.71
200,Pharma Distributor 200,Europe,Belgium,London,47411343.27,386,122827.31
201,Pharma Distributor 201,Europe,Belgium,Lyon,33123156.53,178,186085.15
202,Pharma Distributor 202,Europe,Sweden,Rotterdam,12857872.14,433,29694.85
203,Pharma Distributor 203,Europe,Belgium,Naples,26910042.07,420,64071.53
204,Pharma Distributor 204,Europe,Italy,Budapest,31950840.19,9,3550093.35
205,Pharma Distributor 205,Europe,Sweden,Budapest,11719636.69,336,34879.87
206,Pharma Distributor 206,Europe,Germany,Amsterdam,5130254.74,364,14094.11
207,Pharma Distributor 207,Europe,Sweden,Lisbon,13739544.52,394,34871.94
208,Pharma Distributor 208,Europe,Italy,Antwerp,2856332.08,342,8351.85
209,Pharma Distributor 209,Europe,Italy,Naples,3964332.26,11,360393.84
210,Pharma Distributor 210,Europe,Sweden,Amsterdam,8250959.65,215,38376.56
211,Pharma Distributor 211,Europe,Switzerland,Warsaw,8341115.35,275,30331.33
212,Pharma Distributor 212,Europe,Spain,Warsaw,12773603.45,494,25857.5
213,Pharma Distributor 213,Europe,Germany,Amsterdam,46902746.99,333,140849.09
214,Pharma Distributor 214,Europe,UK,Rotterdam,29003091.13,280,103582.47
215,Pharma Distributor 215,Europe,Austria,Marseille,21414006.41,244,87762.32
216,Pharma Distributor 216,Europe,Spain,Salzburg,28408083.59,319,89053.55
217,Pharma Distributor 217,Europe,Belgium,Berlin,782721.88,472,1658.31
218,Pharma Distributor 218,Europe,Italy,Madrid,44789972.03,8,5598746.5
219,Pharma Distributor 219,Europe,Spain,Naples,26849500.48,206,130337.38
220,Pharma Distributor 220,Europe,Austria,Helsinki,22856707.92,110,207788.25
221,Pharma Distributor 221,Europe,Italy,Vienna,47109296.0,44,1070665.82
222,Pharma Distributor 222,Europe,Italy,Berlin,36655200.18,69,531234.79
223,Pharma Distributor 223,Europe,Sweden,Hamburg,17202331.58,39,441085.43
224,Pharma Distributor 224,Europe,UK,Berlin,46839795.33,476,98402.93
225,Pharma Distributor 225,Europe,UK,Marseille,42673882.44,48,889039.22
226,Pharma Distributor 226,Europe,Spain,London,47749419.6,267,178836.78
227,Pharma Distributor 227,Europe,Austria,Brussels,5263084.9,154,34175.88
228,Pharma Distributor 228,Europe,Switzerland,Amsterdam,47786602.02,283,168857.25
229,Pharma Distributor 229,Europe,Germany,London,27372700.52,69,396705.8
230,Pharma Distributor 230,Europe,Belgium,Rome,33774646.44,348,97053.58
231,Pharma Distributor 231,Europe,Belgium,Zurich,11005825.53,280,39306.52
232,Pharma Distributor 232,Europe,UK,Munich,7449873.76,36,206940.94
233,Pharma Distributor 233,Europe,Germany,Dublin,4429681.13,483,9171.18
234,Pharma Distributor 234,Europe,France,Milan,21404498.06,357,59956.58
235,Pharma Distributor 235,Europe,France,Salzburg,11456798.75,168,68195.23
236,Pharma Distributor 236,Europe,Netherlands,Manchester,4540333.98,406,11183.09
237,Pharma Distributor 237,Europe,Austria,Prague,47775776.7,489,97700.97
238,Pharma Distributor 238,Europe,Belgium,Zurich,36802871.49,357,103089.28
239,Pharma Distributor 239,Europe,Italy,Brussels,26133798.16,165,158386.66
240,Pharma Distributor 240,Europe,Switzerland,Rome,37295700.4,329,113360.79
241,Pharma Distributor 241,Europe,France,Salzburg,30767179.53,86,357757.9
242,Pharma Distributor 242,Europe,UK,Geneva,9312613.4,269,34619.38
243,Pharma Distributor 243,Europe,Spain,Seville,31855103.98,46,692502.26
244,Pharma Distributor 244,Europe,UK,Vienna,34210107.31,483,70828.38
245,Pharma Distributor 245,Europe,Spain,Marseille,12254806.54,203,60368.51
246,Pharma Distributor 246,Europe,Germany,Lisbon,16347160.04,387,42240.72
247,Pharma Distributor 247,Europe,Germany,Manchester,19473382.66,211,92290.91
248,Pharma Distributor 248,Europe,Netherlands,Barcelona,30326058.66,114,266018.06
249,Pharma Distributor 249,Europe,Switzerland,Warsaw,6776995.11,136,49830.85
250,Pharma Distributor 250,Europe,Sweden,Zurich,37302167.11,434,85949.69
251,Pharma Distributor 251,Europe,Spain,Vienna,17628201.4,235,75013.62
252,Pharma Distributor 252,Europe,UK,Geneva,34742744.67,76,457141.38
253,Pharma Distributor 253,Europe,Switzerland,London,46677925.97,412,113295.94
254,Pharma Distributor 254,Europe,Netherlands,Milan,43558795.01,332,131201.19
255,Pharma Distributor 255,Europe,Switzerland,Antwerp,37010265.91,128,289142.7
256,Pharma Distributor 256,Europe,Netherlands,Hamburg,10069685.69,201,50097.94
257,Pharma Distributor 257,Europe,Switzerland,Barcelona,36737681.24,283,129815.13
258,Pharma Distributor 258,Europe,Spain,Geneva,31971575.6,111,288032.21
259,Pharma Distributor 259,Europe,Austria,Birmingham,38741067.71,443,87451.62
260,Pharma Distributor 260,Europe,France,Marseille,43506289.08,358,121525.95
261,Pharma Distributor 261,Europe,Italy,Rotterdam,15918018.14,147,108285.84
262,Pharma Distributor 262,Europe,UK,Brussels,32393051.58,55,588964.57
263,Pharma Distributor 263,Europe,Spain,Salzburg,14119340.17,127,111175.91
264,Pharma Distributor 264,Europe,UK,Munich,17641104.49,54,326687.12
265,Pharma Distributor 265,Europe,Germany,Munich,26271904.94,435,60395.18
266,Pharma Distributor 266,Europe,Germany,Geneva,21991087.89,343,64113.96
267,Pharma Distributor 267,Europe,France,Porto,30231214.82,285,106074.44
268,Pharma Distributor 268,Europe,France,Amsterdam,38058692.78,43,885085.88
269,Pharma Distributor 269,Europe,Switzerland,Rotterdam,30448491.22,328,92830.77
270,Pharma Distributor 270,Europe,Austria,Munich,48505124.48,434,111762.96
271,Pharma Distributor 271,Europe,Spain,Budapest,37036940.45,332,111557.05
272,Pharma Distributor 272,Europe,Netherlands,Manchester,49258085.41,481,102407.66
273,Pharma Distributor 273,Europe,France,Manchester,37300315.84,379,98417.72
274,Pharma Distributor 274,Europe,Germany,Prague,25641984.18,366,70060.07
275,Pharma Distributor 275,Europe,Sweden,Manchester,20844785.27,273,76354.52
276,Pharma Distributor 276,Europe,Spain,Rotterdam,36915189.31,170,217148.17
277,Pharma Distributor 277,Europe,Spain,Seville,34512657.33,40,862816.43
278,Pharma Distributor 278,Europe,France,Milan,33603852.83,425,79067.89
279,Pharma Distributor 279,Europe,Belgium,Birmingham,36228300.29,430,84251.86
280,Pharma Distributor 280,Europe,France,Gothenburg,43672519.61,380,114927.68
281,Pharma Distributor 281,Europe,UK,Salzburg,11774135.22,113,104195.89
282,Pharma Distributor 282,Europe,Netherlands,Budapest,28462289.08,247,115231.94
283,Pharma Distributor 283,Europe,Italy,Amsterdam,30363408.79,495,61340.22
284,Pharma Distributor 284,Europe,Italy,Salzburg,14996413.47,128,117159.48
285,Pharma Distributor 285,Europe,Netherlands,Rotterdam,49403505.93,227,217636.59
286,Pharma Distributor 286,Europe,UK,Marseille,39384126.86,23,1712353.34
287,Pharma Distributor 287,Europe,UK,Budapest,16402672.07,41,400065.17
288,Pharma Distributor 288,Europe,UK,Barcelona,18242500.61,221,82545.25
289,Pharma Distributor 289,Europe,Belgium,Berlin,36053778.37,105,343369.32
290,Pharma Distributor 290,Europe,Switzerland,Vienna,1068924.36,197,5426.01
291,Pharma Distributor 291,Europe,Spain,Birmingham,23469996.71,89,263707.83
292,Pharma Distributor 292,Europe,Netherlands,Manchester,17483993.12,237,73772.12
293,Pharma Distributor 293,Europe,UK,Madrid,42773146.91,43,994724.35
294,Pharma Distributor 294,Europe,Netherlands,Hamburg,39669098.07,493,80464.7
295,Pharma Distributor 295,Europe,Switzerland,Gothenburg,16938797.87,414,40914.97
296,Pharma Distributor 296,Europe,Netherlands,Brussels,43307450.39,46,941466.31
297,Pharma Distributor 297,Europe,Netherlands,Manchester,45723200.3,194,235686.6
298,Pharma Distributor 298,Europe,France,Rotterdam,27846713.03,313,88967.13
299,Pharma Distributor 299,Europe,Sweden,Budapest,8382231.63,455,18422.49
300,Pharma Distributor 300,Europe,Italy,Copenhagen,38631240.1,310,124616.9
301,Pharma Distributor 301,Europe,Sweden,Gothenburg,16307539.88,365,44678.19
302,Pharma Distributor 302,Europe,UK,Manchester,26600428.81,457,58206.63
303,Pharma Distributor 303,Europe,Spain,Dublin,2756638.89,111,24834.58
304,Pharma Distributor 304,Europe,Austria,Barcelona,25254475.92,161,156860.1
305,Pharma Distributor 305,Europe,Germany,Barcelona,19323094.4,229,84380.32
306,Pharma Distributor 306,Europe,Switzerland,Vienna,34460232.02,390,88359.57
307,Pharma Distributor 307,Europe,France,Prague,2518792.16,22,114490.55
308,Pharma Distributor 308,Europe,Austria,Milan,31434800.87,64,491168.76
309,Pharma Distributor 309,Europe,Switzerland,Antwerp,38711825.64,376,102956.98
310,Pharma Distributor 310,Europe,Sweden,Berlin,1132518.26,146,7756.97
311,Pharma Distributor 311,Europe,Italy,Vienna,37623185.56,122,308386.77
312,Pharma Distributor 312,Europe,Sweden,Prague,6945099.35,172,40378.48
313,Pharma Distributor 313,Europe,Germany,London,35053777.72,196,178845.8
314,Pharma Distributor 314,Europe,UK,Lyon,23036180.63,290,79435.11
315,Pharma Distributor 315,Europe,France,Rome,27823569.66,33,843138.47
316,Pharma Distributor 316,Europe,France,Berlin,17198688.9,161,106824.15
317,Pharma Distributor 317,Europe,Italy,Rome,12650587.11,23,550025.53
318,Pharma Distributor 318,Europe,Sweden,Antwerp,4016844.22,498,8065.95
319,Pharma Distributor 319,Europe,France,Rotterdam,43302154.38,94,460661.22
320,Pharma Distributor 320,Europe,Spain,Rotterdam,30716246.17,114,269440.76
321,Pharma Distributor 321,Europe,Spain,Porto,49148558.39,62,792718.68
322,Pharma Distributor 322,Europe,Germany,Munich,42597369.07,120,354978.08
323,Pharma Distributor 323,Europe,Sweden,Antwerp,43546846.73,44,989701.06
324,Pharma Distributor 324,Europe,Spain,Budapest,30093559.19,269,111871.97
325,Pharma Distributor 325,Europe,Germany,Lyon,4506663.87,125,36053.31
326,Pharma Distributor 326,Europe,Italy,Amsterdam,45713114.97,114,400992.24
327,Pharma Distributor 327,Europe,Switzerland,Oslo,6335368.59,368,17215.68
328,Pharma Distributor 328,Europe,Spain,Milan,26098727.46,209,124874.29
329,Pharma Distributor 329,Europe,Germany,Naples,42914359.04,490,87580.32
330,Pharma Distributor 330,Europe,Sweden,Birmingham,23884196.71,163,146528.81
331,Pharma Distributor 331,Europe,Switzerland,Salzburg,8700682.53,338,25741.66
332,Pharma Distributor 332,Europe,UK,Helsinki,18973244.01,99,191648.93
333,Pharma Distributor 333,Europe,Belgium,Milan,49425174.33,403,122643.11
334,Pharma Distributor 334,Europe,Sweden,Budapest,49988079.73,38,1315475.78
335,Pharma Distributor 335,Europe,Spain,Prague,35686332.01,246,145066.39
336,Pharma Distributor 336,Europe,Belgium,Naples,44455619.31,322,138060.93
337,Pharma Distributor 337,Europe,Netherlands,Barcelona,2688233.04,334,8048.6
338,Pharma Distributor 338,Europe,Switzerland,Lisbon,14160592.96,317,44670.64
339,Pharma Distributor 339,Europe,France,Stockholm,18763497.69,153,122637.24
340,Pharma Distributor 340,Europe,UK,Salzburg,1093883.55,107,10223.21
341,Pharma Distributor 341,Europe,Italy,Manchester,19159597.0,314,61017.82
342,Pharma Distributor 342,Europe,UK,Helsinki,5105063.46,221,23099.83
343,Pharma Distributor 343,Europe,Switzerland,Rotterdam,26111760.45,169,154507.46
344,Pharma Distributor 344,Europe,Netherlands,Copenhagen,718755.79,172,4178.81
345,Pharma Distributor 345,Europe,Germany,Lisbon,13887269.48,24,578636.23
346,Pharma Distributor 346,Europe,Sweden,Gothenburg,43381028.43,113,383902.91
347,Pharma Distributor 347,Europe,Austria,Zurich,11046373.67,203,54415.63
348,Pharma Distributor 348,Europe,Germany,Copenhagen,3709749.77,406,9137.31
349,Pharma Distributor 349,Europe,Germany,Manchester,12861673.83,237,54268.67
350,Pharma Distributor 350,Europe,Spain,Geneva,41464155.95,176,235591.8
351,Pharma Distributor 351,Europe,Belgium,Brussels,29565774.49,188,157264.76
352,Pharma Distributor 352,Europe,Switzerland,Frankfurt,29510681.28,222,132931.0
353,Pharma Distributor 353,Europe,Austria,Antwerp,528413.58,21,25162.55
354,Pharma Distributor 354,Europe,Italy,London,23871485.09,46,518945.33
355,Pharma Distributor 355,Europe,Netherlands,Zurich,13648092.97,459,29734.41
356,Pharma Distributor 356,Europe,Germany,Seville,17142346.1,160,107139.66
357,Pharma Distributor 357,Europe,Austria,Stockholm,30134988.56,25,1205399.54
358,Pharma Distributor 358,Europe,Germany,Salzburg,43779818.87,425,103011.34
359,Pharma Distributor 359,Europe,Netherlands,Warsaw,9492016.84,155,61238.82
360,Pharma Distributor 360,Europe,UK,Birmingham,38526990.17,115,335017.31
361,Pharma Distributor 361,Europe,Netherlands,Stockholm,2920657.78,308,9482.66
362,Pharma Distributor 362,Europe,Belgium,London,16673093.71,319,52266.75
363,Pharma Distributor 363,Europe,UK,Oslo,11336178.14,132,85880.14
364,Pharma Distributor 364,Europe,France,Helsinki,45821407.19,372,123175.83
365,Pharma Distributor 365,Europe,Germany,Gothenburg,9310896.37,462,20153.46
366,Pharma Distributor 366,Europe,France,Marseille,29142279.95,498,58518.63
367,Pharma Distributor 367,Europe,Switzerland,Munich,8656766.7,56,154585.12
368,Pharma Distributor 368,Europe,Germany,Geneva,23937443.91,277,86416.77
369,Pharma Distributor 369,Europe,Netherlands,Seville,20963295.12,298,70346.63
370,Pharma Distributor 370,Europe,UK,Helsinki,2547181.02,389,6548.02
371,Pharma Distributor 371,Europe,Austria,Berlin,41380445.89,79,523803.11
372,Pharma Distributor 372,Europe,Belgium,Seville,39115579.4,421,92911.11
373,Pharma Distributor 373,Europe,Spain,Amsterdam,14253989.42,355,40152.08
374,Pharma Distributor 374,Europe,UK,Frankfurt,30892759.28,304,101620.92
375,Pharma Distributor 375,Europe,UK,Helsinki,18452144.25,92,200566.79
376,Pharma Distributor 376,Europe,France,Warsaw,38576743.59,24,1607364.32
377,Pharma Distributor 377,Europe,France,London,34777980.59,435,79949.38
378,Pharma Distributor 378,Europe,Belgium,Zurich,4978115.57,73,68193.36
379,Pharma Distributor 379,Europe,Italy,Geneva,42287314.19,174,243030.54
380,Pharma Distributor 380,Europe,Netherlands,Paris,9381592.2,158,59377.17
381,Pharma Distributor 381,Europe,Spain,Dublin,9118430.27,309,29509.48
382,Pharma Distributor 382,Europe,Spain,Hamburg,36820470.3,110,334731.55
383,Pharma Distributor 383,Europe,UK,Seville,9570927.54,331,28915.19
384,Pharma Distributor 384,Europe,UK,Madrid,6558649.2,223,29410.98
385,Pharma Distributor 385,Europe,Sweden,Antwerp,17111349.95,278,61551.62
386,Pharma Distributor 386,Europe,Sweden,Rome,42016267.8,362,116067.04
387,Pharma Distributor 387,Europe,Germany,Seville,9252033.53,99,93454.88
388,Pharma Distributor 388,Europe,Netherlands,Geneva,17284113.16,269,64253.21
389,Pharma Distributor 389,Europe,Spain,Rotterdam,14669570.55,326,44998.68
390,Pharma Distributor 390,Europe,France,Naples,18125012.8,250,72500.05
391,Pharma Distributor 391,Europe,Netherlands,Barcelona,35856453.82,320,112051.42
392,Pharma Distributor 392,Europe,Sweden,Oslo,20570546.26,112,183665.59
393,Pharma Distributor 393,Europe,France,Stockholm,38099045.73,297,128279.62
394,Pharma Distributor 394,Europe,France,Stockholm,32199955.34,435,74022.89
395,Pharma Distributor 395,Europe,Austria,Naples,18374409.51,241,76242.36
396,Pharma Distributor 396,Europe,Sweden,Berlin,21895918.69,33,663512.69
397,Pharma Distributor 397,Europe,Belgium,Marseille,35329324.25,486,72694.08
398,Pharma Distributor 398,Europe,Italy,Madrid,26970392.95,67,402543.18
399,Pharma Distributor 399,Europe,Italy,Frankfurt,43482837.99,19,2288570.42
400,Pharma Distributor 400,Europe,Switzerland,Zurich,46692579.21,242,192944.54
401,Pharma Distributor 401,Europe,France,Geneva,36026512.64,13,2771270.2
402,Pharma Distributor 402,Europe,Belgium,Naples,49465752.43,340,145487.51
403,Pharma Distributor 403,Europe,Sweden,Brussels,30028570.98,326,92112.18
404,Pharma Distributor 404,Europe,Switzerland,Paris,2471624.12,5,494324.82
405,Pharma Distributor 405,Europe,Belgium,Barcelona,25490176.78,125,203921.41
406,Pharma Distributor 406,Europe,Italy,Oslo,11885459.33,13,914266.1
407,Pharma Distributor 407,Europe,Netherlands,Warsaw,17018802.43,317,53687.07
408,Pharma Distributor 408,Europe,Switzerland,Rotterdam,24758467.58,188,131693.98
409,Pharma Distributor 409,Europe,Germany,Frankfurt,15105014.82,152,99375.1
410,Pharma Distributor 410,Europe,Netherlands,Lisbon,15826271.12,242,65397.81
411,Pharma Distributor 411,Europe,Italy,Brussels,20399808.65,381,53542.8
412,Pharma Distributor 412,Europe,Switzerland,Lyon,14679638.71,262,56029.16
413,Pharma Distributor 413,Europe,Belgium,Marseille,8890299.26,261,34062.45
414,Pharma Distributor 414,Europe,UK,Stockholm,38395233.0,334,114955.79
415,Pharma Distributor 415,Europe,France,Manchester,20062982.24,475,42237.86
416,Pharma Distributor 416,Europe,Sweden,Geneva,41671986.37,314,132713.33
417,Pharma Distributor 417,Europe,Netherlands,Dublin,44194490.98,23,1921499.61
418,Pharma Distributor 418,Europe,Netherlands,Manchester,37672692.56,22,1712395.12
419,Pharma Distributor 419,Europe,Germany,Lyon,20135321.52,284,70899.02
420,Pharma Distributor 420,Europe,Germany,Lyon,36205444.59,131,276377.44
421,Pharma Distributor 421,Europe,Netherlands,Lyon,8183414.97,312,26228.89
422,Pharma Distributor 422,Europe,Netherlands,Barcelona,33225230.08,218,152409.31
423,Pharma Distributor 423,Europe,Spain,Munich,20598587.17,280,73566.38
424,Pharma Distributor 424,Europe,Switzerland,Vienna,32954398.54,399,82592.48
425,Pharma Distributor 425,Europe,Belgium,Frankfurt,37862134.31,333,113700.1
426,Pharma Distributor 426,Europe,Netherlands,Lyon,28352981.16,211,134374.32
427,Pharma Distributor 427,Europe,Austria,London,32302690.36,192,168243.18
428,Pharma Distributor 428,Europe,Switzerland,Stockholm,11069632.6,20,553481.63
429,Pharma Distributor 429,Europe,Switzerland,Marseille,29838627.96,145,205783.64
430,Pharma Distributor 430,Europe,France,Rotterdam,23293477.3,441,52819.68
431,Pharma Distributor 431,Europe,Spain,Milan,21688616.55,10,2168861.66
432,Pharma Distributor 432,Europe,Germany,Porto,20810629.84,285,73019.75
433,Pharma Distributor 433,Europe,Germany,Zurich,15890739.39,323,49197.34
434,Pharma Distributor 434,Europe,Netherlands,Budapest,15614065.79,179,87229.42
435,Pharma Distributor 435,Europe,Sweden,Naples,35135468.18,19,1849235.17
436,Pharma Distributor 436,Europe,UK,Porto,28111087.91,314,89525.76
437,Pharma Distributor 437,Europe,Switzerland,Stockholm,1982629.31,470,4218.36
438,Pharma Distributor 438,Europe,Belgium,Budapest,2901998.89,431,6733.18
439,Pharma Distributor 439,Europe,Spain,Porto,28720890.55,485,59218.33
440,Pharma Distributor 440,Europe,Germany,Hamburg,42391032.2,132,321144.18
441,Pharma Distributor 441,Europe,Netherlands,Lisbon,2676901.65,18,148716.76
442,Pharma Distributor 442,Europe,Germany,Amsterdam,25606743.24,253,101212.42
443,Pharma Distributor 443,Europe,France,Manchester,42631201.09,38,1121873.71
444,Pharma Distributor 444,Europe,Spain,Geneva,720174.92,390,1846.6
445,Pharma Distributor 445,Europe,Spain,Gothenburg,14151798.43,24,589658.27
446,Pharma Distributor 446,Europe,Netherlands,Lisbon,46036050.81,254,181244.29
447,Pharma Distributor 447,Europe,Switzerland,Budapest,4532746.36,366,12384.55
448,Pharma Distributor 448,Europe,Italy,Paris,30546325.64,276,110675.09
449,Pharma Distributor 449,Europe,Netherlands,Munich,25615392.5,199,128720.57
450,Pharma Distributor 450,Europe,Italy,Gothenburg,8008128.48,242,33091.44
451,Pharma Distributor 451,Europe,France,Marseille,2603106.99,418,6227.53
452,Pharma Distributor 452,Europe,Spain,Milan,25378061.54,475,53427.5
453,Pharma Distributor 453,Europe,Spain,Lisbon,36888944.35,107,344756.49
454,Pharma Distributor 454,Europe,France,Lyon,9273517.48,311,29818.38
455,Pharma Distributor 455,Europe,Italy,Antwerp,34720331.53,247,140568.14
456,Pharma Distributor 456,Europe,Belgium,Paris,27545973.93,219,125780.7
457,Pharma Distributor 457,Europe,Austria,Gothenburg,18213398.07,247,73738.45
458,Pharma Distributor 458,Europe,Belgium,Gothenburg,33389309.56,391,85394.65
459,Pharma Distributor 459,Europe,Austria,Prague,10002850.49,81,123491.98
460,Pharma Distributor 460,Europe,Sweden,Naples,23118100.39,388,59582.73
461,Pharma Distributor 461,Europe,France,Hamburg,27690596.59,439,63076.53
462,Pharma Distributor 462,Europe,UK,Prague,23205429.24,125,185643.43
463,Pharma Distributor 463,Europe,Switzerland,Budapest,20176318.15,306,65935.68
464,Pharma Distributor 464,Europe,Germany,Brussels,37175225.16,44,844891.48
465,Pharma Distributor 465,Europe,Germany,Zurich,32976997.84,33,999302.96
466,Pharma Distributor 466,Europe,Netherlands,Lisbon,32153373.23,411,78232.05
467,Pharma Distributor 467,Europe,Sweden,Berlin,44644131.92,236,189170.05
468,Pharma Distributor 468,Europe,Sweden,Rome,49678282.54,149,333411.29
469,Pharma Distributor 469,Europe,Italy,Hamburg,28576624.39,253,112951.08
470,Pharma Distributor 470,Europe,Austria,Prague,17739259.95,473,37503.72
471,Pharma Distributor 471,Europe,Spain,Oslo,39054329.78,97,402621.96
472,Pharma Distributor 472,Europe,Belgium,Helsinki,7533903.61,489,15406.76
473,Pharma Distributor 473,Europe,Austria,Oslo,25889003.97,329,78689.98
474,Pharma Distributor 474,Europe,Spain,Birmingham,26463169.86,89,297338.99
475,Pharma Distributor 475,Europe,UK,Copenhagen,49181659.44,326,150863.99
476,Pharma Distributor 476,Europe,Netherlands,Lyon,49554837.34,250,198219.35
477,Pharma Distributor 477,Europe,Sweden,London,40061099.84,411,97472.26
478,Pharma Distributor 478,Europe,UK,Naples,23914276.55,79,302712.36
479,Pharma Distributor 479,Europe,Sweden,Antwerp,27587676.6,467,59074.25
480,Pharma Distributor 480,Europe,France,Antwerp,16327210.76,155,105336.84
481,Pharma Distributor 481,Europe,Sweden,Marseille,41577362.33,139,299117.71
482,Pharma Distributor 482,Europe,UK,Vienna,37454036.59,431,86900.32
483,Pharma Distributor 483,Europe,Austria,Prague,38685551.75,194,199410.06
484,Pharma Distributor 484,Europe,UK,Berlin,7364478.74,38,193802.07
485,Pharma Distributor 485,Europe,Netherlands,Porto,20232381.58,362,55890.56
486,Pharma Distributor 486,Europe,Belgium,Copenhagen,27098908.68,109,248613.84
487,Pharma Distributor 487,Europe,Spain,Dublin,6670569.45,373,17883.56
488,Pharma Distributor 488,Europe,UK,Paris,18746839.81,55,340851.63
489,Pharma Distributor 489,Europe,UK,Prague,4827909.86,176,27431.31
490,Pharma Distributor 490,Europe,Italy,Salzburg,47962640.75,74,648143.79
491,Pharma Distributor 491,Europe,Italy,Seville,37687534.81,212,177771.39
492,Pharma Distributor 492,Europe,Germany,Barcelona,31227031.99,443,70489.91
493,Pharma Distributor 493,Europe,Spain,Geneva,10640393.46,326,32639.24
494,Pharma Distributor 494,Europe,Belgium,Rome,17039308.14,100,170393.08
495,Pharma Distributor 495,Europe,France,Lyon,7652002.64,62,123419.4
496,Pharma Distributor 496,Europe,Austria,Naples,27037921.53,124,218047.75
497,Pharma Distributor 497,Europe,Spain,Dublin,41115541.49,175,234945.95
498,Pharma Distributor 498,Europe,Belgium,Frankfurt,1442307.82,115,12541.81
499,Pharma Distributor 499,Europe,Belgium,Frankfurt,5613779.15,65,86365.83
500,Pharma Distributor 500,Europe,Switzerland,Seville,11852813.81,260,45587.75
501,Pharma Distributor 501,Europe,France,Birmingham,35846303.79,426,84146.25
502,Pharma Distributor 502,Europe,Italy,Salzburg,44752002.02,160,279700.01
503,Pharma Distributor 503,Europe,Netherlands,Warsaw,37774110.67,189,199863.02
504,Pharma Distributor 504,Europe,France,Frankfurt,26484903.73,45,588553.42
505,Pharma Distributor 505,Europe,Italy,Salzburg,5703062.02,205,27819.81
506,Pharma Distributor 506,Europe,Germany,Rome,37868261.53,477,79388.39
507,Pharma Distributor 507,Europe,Spain,Madrid,5729167.15,54,106095.69
508,Pharma Distributor 508,Europe,Netherlands,Paris,17710647.83,94,188411.15
509,Pharma Distributor 509,Europe,Germany,Dublin,15745579.82,241,65334.36
510,Pharma Distributor 510,Europe,Germany,Copenhagen,18281561.44,350,52233.03
511,Pharma Distributor 511,Europe,Switzerland,Porto,16811687.65,449,37442.51
512,Pharma Distributor 512,Europe,Sweden,Antwerp,38574395.98,329,117247.4
513,Pharma Distributor 513,Europe,Sweden,Stockholm,9000324.83,451,19956.37
514,Pharma Distributor 514,Europe,Sweden,Berlin,42369379.48,381,111205.72
515,Pharma Distributor 515,Europe,UK,Paris,42983882.25,341,126052.44
516,Pharma Distributor 516,Europe,Spain,Brussels,24800828.23,286,86716.18
517,Pharma Distributor 517,Europe,Sweden,Stockholm,5754363.05,158,36420.02
518,Pharma Distributor 518,Europe,Italy,Munich,28982658.33,367,78971.82
519,Pharma Distributor 519,Europe,Belgium,Munich,41136102.9,461,89232.33
520,Pharma Distributor 520,Europe,France,Rome,14828939.2,411,36080.14
521,Pharma Distributor 521,Europe,Germany,Rotterdam,41968497.5,184,228089.66
522,Pharma Distributor 522,Europe,Switzerland,Birmingham,34007483.21,92,369646.56
523,Pharma Distributor 523,Europe,Netherlands,Rome,49368698.82,109,452923.84
524,Pharma Distributor 524,Europe,Spain,Brussels,41323212.49,77,536665.1
525,Pharma Distributor 525,Europe,Austria,Warsaw,10474272.97,462,22671.59
526,Pharma Distributor 526,Europe,Belgium,Prague,22725700.95,376,60440.69
527,Pharma Distributor 527,Europe,UK,Salzburg,5623669.01,458,12278.75
528,Pharma Distributor 528,Europe,Germany,Amsterdam,3948693.06,392,10073.2
529,Pharma Distributor 529,Europe,Germany,London,35449684.92,261,135822.55
530,Pharma Distributor 530,Europe,Sweden,Seville,45690124.34,138,331087.86
531,Pharma Distributor 531,Europe,Germany,Geneva,48691988.08,444,109666.64
532,Pharma Distributor 532,Europe,Netherlands,Rotterdam,13888084.53,490,28343.03
533,Pharma Distributor 533,Europe,Sweden,Gothenburg,10487681.42,289,36289.56
534,Pharma Distributor 534,Europe,Austria,Oslo,28230884.41,240,117628.69
535,Pharma Distributor 535,Europe,UK,Budapest,10442573.62,391,26707.35
536,Pharma Distributor 536,Europe,Italy,Warsaw,15147400.96,388,39039.69
537,Pharma Distributor 537,Europe,Italy,Amsterdam,41942703.34,113,371174.37
538,Pharma Distributor 538,Europe,France,Budapest,40617911.4,348,116718.14
539,Pharma Distributor 539,Europe,Germany,Barcelona,44806127.11,430,104200.3
540,Pharma Distributor 540,Europe,Switzerland,Munich,24371053.99,141,172844.35
541,Pharma Distributor 541,Europe,Belgium,Prague,28422243.82,341,83349.69
542,Pharma Distributor 542,Europe,France,Barcelona,38644180.65,239,161691.13
543,Pharma Distributor 543,Europe,Spain,Salzburg,12343643.89,63,195930.86
544,Pharma Distributor 544,Europe,Italy,Dublin,41243132.77,298,138399.77
545,Pharma Distributor 545,Europe,Spain,Zurich,1369095.25,46,29762.94
546,Pharma Distributor 546,Europe,Spain,Paris,39984164.5,252,158667.32
547,Pharma Distributor 547,Europe,Switzerland,Porto,38907443.42,54,720508.21
548,Pharma Distributor 548,Europe,Italy,Brussels,15438107.52,274,56343.46
549,Pharma Distributor 549,Europe,Italy,Dublin,36531661.73,386,94641.61
550,Pharma Distributor 550,Europe,Netherlands,Paris,11092683.9,360,30813.01
551,Pharma Distributor 551,Europe,Italy,Budapest,29023515.56,177,163974.66
552,Pharma Distributor 552,Europe,UK,Lyon,35179045.36,293,120065.0
553,Pharma Distributor 553,Europe,Spain,Stockholm,35877594.68,408,87935.28
554,Pharma Distributor 554,Europe,Spain,Lyon,49155289.18,166,296116.2
555,Pharma Distributor 555,Europe,France,London,9509280.26,71,133933.52
556,Pharma Distributor 556,Europe,Belgium,Hamburg,24299532.13,344,70638.17
557,Pharma Distributor 557,Europe,UK,Madrid,44065174.94,327,134755.89
558,Pharma Distributor 558,Europe,UK,Antwerp,28294874.0,330,85742.04
559,Pharma Distributor 559,Europe,Sweden,Rotterdam,43881256.76,225,195027.81
560,Pharma Distributor 560,Europe,Italy,Helsinki,21985909.48,171,128572.57
561,Pharma Distributor 561,Europe,Netherlands,Naples,39869895.35,175,227827.97
562,Pharma Distributor 562,Europe,Germany,Salzburg,43567440.3,227,191927.05
563,Pharma Distributor 563,Europe,UK,Copenhagen,42398748.8,171,247945.9
564,Pharma Distributor 564,Europe,UK,Munich,43632569.71,373,116977.4
565,Pharma Distributor 565,Europe,Belgium,Oslo,11367957.48,89,127729.86
566,Pharma Distributor 566,Europe,UK,Naples,22229714.47,119,186804.32
567,Pharma Distributor 567,Europe,Switzerland,Barcelona,9141307.62,304,30070.09
568,Pharma Distributor 568,Europe,Italy,Gothenburg,9436788.28,389,24259.1
569,Pharma Distributor 569,Europe,Netherlands,Stockholm,24647451.74,357,69040.48
570,Pharma Distributor 570,Europe,France,Lyon,48024343.86,54,889339.7
571,Pharma Distributor 571,Europe,Belgium,Brussels,29799609.66,462,64501.32
572,Pharma Distributor 572,Europe,Netherlands,Stockholm,42765332.28,380,112540.35
573,Pharma Distributor 573,Europe,UK,Helsinki,46890607.73,376,124709.06
574,Pharma Distributor 574,Europe,Belgium,Warsaw,4785480.26,322,14861.74
575,Pharma Distributor 575,Europe,Germany,Munich,8522167.51,222,38388.14
576,Pharma Distributor 576,Europe,Italy,Manchester,14896668.12,263,56641.32
577,Pharma Distributor 577,Europe,France,Madrid,31030464.87,466,66588.98
578,Pharma Distributor 578,Europe,Belgium,Salzburg,3555596.32,140,25397.12
579,Pharma Distributor 579,Europe,Netherlands,Rotterdam,39439398.24,308,128049.99
580,Pharma Distributor 580,Europe,Netherlands,Berlin,3657541.49,374,9779.52
581,Pharma Distributor 581,Europe,UK,Dublin,8342374.47,100,83423.74
582,Pharma Distributor 582,Europe,Spain,Frankfurt,19394539.28,173,112107.16
583,Pharma Distributor 583,Europe,Spain,Geneva,28107132.9,424,66290.41
584,Pharma Distributor 584,Europe,France,Copenhagen,44134481.36,479,92138.79
585,Pharma Distributor 585,Europe,Sweden,Warsaw,48204624.04,317,152065.06
586,Pharma Distributor 586,Europe,Netherlands,London,44289785.14,229,193405.18
587,Pharma Distributor 587,Europe,Italy,Paris,5798710.56,345,16807.86
588,Pharma Distributor 588,Europe,Sweden,Geneva,31745859.52,350,90702.46
589,Pharma Distributor 589,Europe,Belgium,Paris,22364871.32,379,59010.21
590,Pharma Distributor 590,Europe,Austria,Prague,6726714.8,338,19901.52
591,Pharma Distributor 591,Europe,Germany,Manchester,27978062.38,431,64914.3
592,Pharma Distributor 592,Europe,Austria,Lisbon,18154586.13,488,37202.02
593,Pharma Distributor 593,Europe,Switzerland,Berlin,17616498.05,288,61168.4
594,Pharma Distributor 594,Europe,France,Copenhagen,5175033.38,352,14701.8
595,Pharma Distributor 595,Europe,Germany,Milan,48953221.8,345,141893.4
596,Pharma Distributor 596,Europe,Belgium,Warsaw,36435015.06,372,97943.59
597,Pharma Distributor 597,Europe,France,Marseille,14376543.46,191,75269.86
598,Pharma Distributor 598,Europe,Sweden,Copenhagen,45915020.28,493,93133.92
599,Pharma Distributor 599,Europe,Sweden,Helsinki,47430316.22,378,125477.03
600,Pharma Distributor 600,Europe,Germany,Milan,40613554.74,417,97394.62
601,Pharma Distributor 601,Europe,Austria,Helsinki,33136100.62,498,66538.35
602,Pharma Distributor 602,Europe,Germany,Manchester,19130642.68,298,64196.79
603,Pharma Distributor 603,Europe,Sweden,Dublin,22000152.13,422,52133.06
604,Pharma Distributor 604,Europe,Netherlands,Salzburg,23023057.05,325,70840.18
605,Pharma Distributor 605,Europe,Spain,Madrid,47463751.43,408,116332.72
606,Pharma Distributor 606,Europe,Italy,Brussels,38126662.93,286,133310.01
607,Pharma Distributor 607,Europe,UK,Prague,14954708.02,247,60545.38
608,Pharma Distributor 608,Europe,UK,Warsaw,31419709.05,31,1013539.0
609,Pharma Distributor 609,Europe,Italy,Amsterdam,29898076.57,155,192890.82
610,Pharma Distributor 610,Europe,Netherlands,Warsaw,40700286.47,203,200494.02
611,Pharma Distributor 611,Europe,Italy,Munich,5217765.6,282,18502.71
612,Pharma Distributor 612,Europe,Spain,Frankfurt,35212943.78,435,80949.3
613,Pharma Distributor 613,Europe,Italy,Barcelona,16892907.1,489,34545.82
614,Pharma Distributor 614,Europe,Netherlands,Copenhagen,6916786.02,231,29942.8
615,Pharma Distributor 615,Europe,Belgium,Stockholm,36722779.89,499,73592.75
616,Pharma Distributor 616,Europe,Italy,Munich,16916478.18,200,84582.39
617,Pharma Distributor 617,Europe,Germany,Marseille,36641125.31,225,162849.45
618,Pharma Distributor 618,Europe,Sweden,Geneva,8540629.03,361,23658.25
619,Pharma Distributor 619,Europe,UK,Madrid,49303427.31,232,212514.77
620,Pharma Distributor 620,Europe,Spain,Warsaw,40268696.78,71,567164.74
621,Pharma Distributor 621,Europe,Italy,Gothenburg,14813013.41,454,32627.78
622,Pharma Distributor 622,Europe,Sweden,Paris,37155950.58,329,112936.02
623,Pharma Distributor 623,Europe,France,Frankfurt,7222093.85,342,21117.23
624,Pharma Distributor 624,Europe,Spain,London,32845153.88,102,322011.31
625,Pharma Distributor 625,Europe,France,Hamburg,3452024.8,19,181685.52
626,Pharma Distributor 626,Europe,Austria,Rotterdam,17002679.26,386,44048.39
627,Pharma Distributor 627,Europe,Switzerland,Lisbon,48933895.99,118,414694.03
628,Pharma Distributor 628,Europe,Italy,Frankfurt,6485558.52,108,60051.47
629,Pharma Distributor 629,Europe,UK,Hamburg,30072489.61,432,69612.24
630,Pharma Distributor 630,Europe,Spain,Lisbon,3994966.61,493,8103.38
631,Pharma Distributor 631,Europe,UK,Porto,33635359.97,311,108152.28
632,Pharma Distributor 632,Europe,Spain,Geneva,14293776.57,197,72557.24
633,Pharma Distributor 633,Europe,Switzerland,Copenhagen,15843792.27,218,72677.95
634,Pharma Distributor 634,Europe,Netherlands,Birmingham,17221225.5,413,41697.88
635,Pharma Distributor 635,Europe,Germany,Budapest,10655262.32,449,23731.1
636,Pharma Distributor 636,Europe,UK,Stockholm,47112040.56,149,316188.19
637,Pharma Distributor 637,Europe,Germany,Oslo,45338676.2,101,448897.78
638,Pharma Distributor 638,Europe,Italy,Manchester,43565753.88,56,777959.89
639,Pharma Distributor 639,Europe,Netherlands,Paris,5769054.56,62,93049.27
640,Pharma Distributor 640,Europe,Belgium,Helsinki,12055519.51,213,56598.68
641,Pharma Distributor 641,Europe,Italy,Helsinki,30805180.04,189,162990.37
642,Pharma Distributor 642,Europe,Spain,Rome,48533364.57,170,285490.38
643,Pharma Distributor 643,Europe,Austria,Seville,30438460.42,73,416965.21
644,Pharma Distributor 644,Europe,Germany,Zurich,16691537.2,127,131429.43
645,Pharma Distributor 645,Europe,Austria,Helsinki,40961503.51,41,999061.06
646,Pharma Distributor 646,Europe,France,Berlin,7203812.22,239,30141.47
647,Pharma Distributor 647,Europe,Sweden,Seville,44146223.23,495,89184.29
648,Pharma Distributor 648,Europe,Switzerland,Prague,48746501.11,79,617044.32
649,Pharma Distributor 649,Europe,Germany,Birmingham,48398806.37,464,104307.77
650,Pharma Distributor 650,Europe,Belgium,Naples,7810979.89,112,69740.89
651,Pharma Distributor 651,Europe,Netherlands,Prague,27705571.59,422,65653.01
652,Pharma Distributor 652,Europe,Germany,Vienna,29453491.97,295,99842.35
653,Pharma Distributor 653,Europe,Spain,Berlin,10148470.23,448,22652.84
654,Pharma Distributor 654,Europe,Spain,Barcelona,27565478.69,299,92192.24
655,Pharma Distributor 655,Europe,Sweden,Geneva,32503609.91,178,182604.55
656,Pharma Distributor 656,Europe,Germany,Geneva,16783606.36,122,137570.54
657,Pharma Distributor 657,Europe,Austria,Munich,16126197.94,148,108960.8
658,Pharma Distributor 658,Europe,Belgium,Milan,3481805.74,348,10005.19
659,Pharma Distributor 659,Europe,Germany,Warsaw,47862865.22,163,293637.21
660,Pharma Distributor 660,Europe,Austria,Paris,40278988.44,274,147003.61
661,Pharma Distributor 661,Europe,Italy,Naples,38092731.98,245,155480.54
662,Pharma Distributor 662,Europe,Germany,Hamburg,1578056.54,51,30942.29
663,Pharma Distributor 663,Europe,Germany,Madrid,31403300.68,420,74769.76
664,Pharma Distributor 664,Europe,Spain,Oslo,9441112.51,367,25725.1
665,Pharma Distributor 665,Europe,France,Porto,33255017.8,337,98679.58
666,Pharma Distributor 666,Europe,Belgium,Paris,31247196.8,106,294784.88
667,Pharma Distributor 667,Europe,Germany,Barcelona,42670305.2,277,154044.42
668,Pharma Distributor 668,Europe,Italy,Copenhagen,13143987.72,496,26499.98
669,Pharma Distributor 669,Europe,France,Salzburg,1859358.06,384,4842.08
670,Pharma Distributor 670,Europe,Germany,Copenhagen,45748488.53,128,357410.07
671,Pharma Distributor 671,Europe,Belgium,Copenhagen,45477483.41,188,241901.51
672,Pharma Distributor 672,Europe,UK,London,23065047.28,168,137291.95
673,Pharma Distributor 673,Europe,Netherlands,Budapest,4365358.92,377,11579.2
674,Pharma Distributor 674,Europe,Switzerland,Milan,25149464.95,174,144537.15
675,Pharma Distributor 675,Europe,Sweden,Birmingham,26438703.93,86,307426.79
676,Pharma Distributor 676,Europe,Sweden,Paris,41175410.85,151,272684.84
677,Pharma Distributor 677,Europe,Belgium,Birmingham,35996521.5,139,258967.78
678,Pharma Distributor 678,Europe,Italy,Seville,4004826.51,315,12713.73
679,Pharma Distributor 679,Europe,Austria,Milan,35414211.74,162,218606.25
680,Pharma Distributor 680,Europe,Switzerland,Salzburg,7219103.69,336,21485.43
681,Pharma Distributor 681,Europe,Netherlands,Paris,4928865.34,207,23810.94
682,Pharma Distributor 682,Europe,Switzerland,Rome,20231053.01,124,163153.65
683,Pharma Distributor 683,Europe,Spain,Munich,4329498.54,33,131196.93
684,Pharma Distributor 684,Europe,Germany,Marseille,41548815.19,455,91316.08
685,Pharma Distributor 685,Europe,Italy,Oslo,23424894.66,166,141113.82
686,Pharma Distributor 686,Europe,Austria,Amsterdam,29556685.91,166,178052.32
687,Pharma Distributor 687,Europe,Italy,Helsinki,29054793.91,483,60154.85
688,Pharma Distributor 688,Europe,Germany,Berlin,48916434.42,346,141376.98
689,Pharma Distributor 689,Europe,UK,Porto,45831234.09,6,7638539.02
690,Pharma Distributor 690,Europe,Netherlands,Oslo,42531838.91,415,102486.36
691,Pharma Distributor 691,Europe,Belgium,Helsinki,19471826.73,51,381800.52
692,Pharma Distributor 692,Europe,Switzerland,Antwerp,7682435.17,104,73869.57
693,Pharma Distributor 693,Europe,Spain,Helsinki,29797416.62,228,130690.42
694,Pharma Distributor 694,Europe,Netherlands,Madrid,22295645.72,61,365502.39
695,Pharma Distributor 695,Europe,Italy,Birmingham,11663569.29,126,92568.01
696,Pharma Distributor 696,Europe,Germany,Rome,5335759.71,487,10956.39
697,Pharma Distributor 697,Europe,Belgium,Oslo,22086618.22,149,148232.34
698,Pharma Distributor 698,Europe,Switzerland,Barcelona,32717952.16,358,91390.93
699,Pharma Distributor 699,Europe,Netherlands,Birmingham,31456795.78,158,199093.64
700,Pharma Distributor 700,Europe,Italy,Warsaw,38809111.27,385,100802.89
